id,asset,year,rep_period,time_block_start,time_block_end,dual_balance_hub
1,AT_E_Balance,2050,1,1,4,-0.0
2,AT_E_Balance,2050,1,5,8,-0.0
3,AT_E_Balance,2050,1,9,12,-0.0
4,AT_E_Balance,2050,1,13,16,-0.0
5,AT_E_Balance,2050,1,17,20,-0.0
6,AT_E_Balance,2050,1,21,24,-0.0
7,AT_E_Balance,2050,2,1,4,6073.521844509804
8,AT_E_Balance,2050,2,5,8,6073.521844509802
9,AT_E_Balance,2050,2,9,12,-0.0
10,AT_E_Balance,2050,2,13,16,-0.0
11,AT_E_Balance,2050,2,17,20,4555.1413833823535
12,AT_E_Balance,2050,2,21,24,6073.521844509804
13,AT_E_Balance,2050,3,1,4,9.663381206337363e-13
14,AT_E_Balance,2050,3,5,8,-0.0
15,AT_E_Balance,2050,3,9,12,-6.821210263296962e-13
16,AT_E_Balance,2050,3,13,16,-0.0
17,AT_E_Balance,2050,3,17,20,-0.0
18,AT_E_Balance,2050,3,21,24,-0.0
19,BE_E_Balance,2050,1,1,1,-0.0
20,BE_E_Balance,2050,1,2,2,1.390221271435621e-12
21,BE_E_Balance,2050,1,3,3,-1.390221271435621e-12
22,BE_E_Balance,2050,1,4,4,-0.0
23,BE_E_Balance,2050,1,5,5,-0.0
24,BE_E_Balance,2050,1,6,6,-0.0
25,BE_E_Balance,2050,1,7,7,-0.0
26,BE_E_Balance,2050,1,8,8,-0.0
27,BE_E_Balance,2050,1,9,9,-0.0
28,BE_E_Balance,2050,1,10,10,-0.0
29,BE_E_Balance,2050,1,11,11,-0.0
30,BE_E_Balance,2050,1,12,12,-0.0
31,BE_E_Balance,2050,1,13,13,-0.0
32,BE_E_Balance,2050,1,14,14,-0.0
33,BE_E_Balance,2050,1,15,15,-0.0
34,BE_E_Balance,2050,1,16,16,-0.0
35,BE_E_Balance,2050,1,17,17,-0.0
36,BE_E_Balance,2050,1,18,18,5.17585974080248e-13
37,BE_E_Balance,2050,1,19,19,-0.0
38,BE_E_Balance,2050,1,20,20,-0.0
39,BE_E_Balance,2050,1,21,21,-0.0
40,BE_E_Balance,2050,1,22,22,-0.0
41,BE_E_Balance,2050,1,23,23,-0.0
42,BE_E_Balance,2050,1,24,24,-0.0
43,BE_E_Balance,2050,2,1,1,1518.380461127451
44,BE_E_Balance,2050,2,2,2,1518.380461127451
45,BE_E_Balance,2050,2,3,3,1518.380461127451
46,BE_E_Balance,2050,2,4,4,1518.380461127451
47,BE_E_Balance,2050,2,5,5,1518.380461127451
48,BE_E_Balance,2050,2,6,6,1518.380461127451
49,BE_E_Balance,2050,2,7,7,1518.380461127451
50,BE_E_Balance,2050,2,8,8,1518.3804611274504
51,BE_E_Balance,2050,2,9,9,1518.380461127451
52,BE_E_Balance,2050,2,10,10,-0.0
53,BE_E_Balance,2050,2,11,11,-0.0
54,BE_E_Balance,2050,2,12,12,-0.0
55,BE_E_Balance,2050,2,13,13,-0.0
56,BE_E_Balance,2050,2,14,14,-0.0
57,BE_E_Balance,2050,2,15,15,-0.0
58,BE_E_Balance,2050,2,16,16,-0.0
59,BE_E_Balance,2050,2,17,17,-0.0
60,BE_E_Balance,2050,2,18,18,1518.380461127451
61,BE_E_Balance,2050,2,19,19,1518.380461127451
62,BE_E_Balance,2050,2,20,20,1518.380461127451
63,BE_E_Balance,2050,2,21,21,1518.380461127451
64,BE_E_Balance,2050,2,22,22,1518.380461127451
65,BE_E_Balance,2050,2,23,23,1518.380461127451
66,BE_E_Balance,2050,2,24,24,1518.380461127451
67,BE_E_Balance,2050,3,1,1,-0.0
68,BE_E_Balance,2050,3,2,2,-0.0
69,BE_E_Balance,2050,3,3,3,-0.0
70,BE_E_Balance,2050,3,4,4,-0.0
71,BE_E_Balance,2050,3,5,5,-0.0
72,BE_E_Balance,2050,3,6,6,-0.0
73,BE_E_Balance,2050,3,7,7,-0.0
74,BE_E_Balance,2050,3,8,8,-0.0
75,BE_E_Balance,2050,3,9,9,-0.0
76,BE_E_Balance,2050,3,10,10,-0.0
77,BE_E_Balance,2050,3,11,11,-0.0
78,BE_E_Balance,2050,3,12,12,-0.0
79,BE_E_Balance,2050,3,13,13,-0.0
80,BE_E_Balance,2050,3,14,14,-0.0
81,BE_E_Balance,2050,3,15,15,-0.0
82,BE_E_Balance,2050,3,16,16,-0.0
83,BE_E_Balance,2050,3,17,17,-0.0
84,BE_E_Balance,2050,3,18,18,-0.0
85,BE_E_Balance,2050,3,19,19,-1.2789769243681803e-13
86,BE_E_Balance,2050,3,20,20,1.2789769243681803e-13
87,BE_E_Balance,2050,3,21,21,1.2789769243681803e-13
88,BE_E_Balance,2050,3,22,22,-0.0
89,BE_E_Balance,2050,3,23,23,-1.2789769243681803e-13
90,BE_E_Balance,2050,3,24,24,-0.0
91,BG_E_Balance,2050,1,1,4,4505.413299929449
92,BG_E_Balance,2050,1,5,8,4505.413299929447
93,BG_E_Balance,2050,1,9,12,-0.0
94,BG_E_Balance,2050,1,13,16,-0.0
95,BG_E_Balance,2050,1,17,20,4505.413299929449
96,BG_E_Balance,2050,1,21,24,4505.413299929449
97,BG_E_Balance,2050,2,1,4,6073.521844509804
98,BG_E_Balance,2050,2,5,8,6073.521844509804
99,BG_E_Balance,2050,2,9,12,-0.0
100,BG_E_Balance,2050,2,13,16,-0.0
101,BG_E_Balance,2050,2,17,20,6073.5218445098035
102,BG_E_Balance,2050,2,21,24,6073.5218445098035
103,BG_E_Balance,2050,3,1,4,6211.06485556075
104,BG_E_Balance,2050,3,5,8,6211.064855560747
105,BG_E_Balance,2050,3,9,12,-0.0
106,BG_E_Balance,2050,3,13,16,-0.0
107,BG_E_Balance,2050,3,17,20,6211.064855560747
108,BG_E_Balance,2050,3,21,24,6211.064855560747
109,CH_E_Balance,2050,1,1,4,-0.0
110,CH_E_Balance,2050,1,5,8,-0.0
111,CH_E_Balance,2050,1,9,12,-0.0
112,CH_E_Balance,2050,1,13,16,-0.0
113,CH_E_Balance,2050,1,17,20,-0.0
114,CH_E_Balance,2050,1,21,24,-0.0
115,CH_E_Balance,2050,2,1,4,-0.0
116,CH_E_Balance,2050,2,5,8,-0.0
117,CH_E_Balance,2050,2,9,12,-0.0
118,CH_E_Balance,2050,2,13,16,-0.0
119,CH_E_Balance,2050,2,17,20,-0.0
120,CH_E_Balance,2050,2,21,24,-0.0
121,CH_E_Balance,2050,3,1,4,-0.0
122,CH_E_Balance,2050,3,5,8,-0.0
123,CH_E_Balance,2050,3,9,12,-0.0
124,CH_E_Balance,2050,3,13,16,-0.0
125,CH_E_Balance,2050,3,17,20,-0.0
126,CH_E_Balance,2050,3,21,24,-0.0
127,CY_E_Balance,2050,1,1,4,-0.0
128,CY_E_Balance,2050,1,5,8,-0.0
129,CY_E_Balance,2050,1,9,12,-0.0
130,CY_E_Balance,2050,1,13,16,-0.0
131,CY_E_Balance,2050,1,17,20,-0.0
132,CY_E_Balance,2050,1,21,24,-0.0
133,CY_E_Balance,2050,2,1,4,-0.0
134,CY_E_Balance,2050,2,5,8,-0.0
135,CY_E_Balance,2050,2,9,12,-0.0
136,CY_E_Balance,2050,2,13,16,-0.0
137,CY_E_Balance,2050,2,17,20,-0.0
138,CY_E_Balance,2050,2,21,24,-0.0
139,CY_E_Balance,2050,3,1,4,-0.0
140,CY_E_Balance,2050,3,5,8,-0.0
141,CY_E_Balance,2050,3,9,12,-0.0
142,CY_E_Balance,2050,3,13,16,-0.0
143,CY_E_Balance,2050,3,17,20,-0.0
144,CY_E_Balance,2050,3,21,24,-0.0
145,CZ_E_Balance,2050,1,1,4,-2.107647389948397e-12
146,CZ_E_Balance,2050,1,5,8,-2.107647389948397e-12
147,CZ_E_Balance,2050,1,9,12,-0.0
148,CZ_E_Balance,2050,1,13,16,-0.0
149,CZ_E_Balance,2050,1,17,20,-0.0
150,CZ_E_Balance,2050,1,21,24,-0.0
151,CZ_E_Balance,2050,2,1,4,6073.521844509803
152,CZ_E_Balance,2050,2,5,8,6073.521844509803
153,CZ_E_Balance,2050,2,9,12,6073.521844509804
154,CZ_E_Balance,2050,2,13,16,6073.521844509804
155,CZ_E_Balance,2050,2,17,20,6073.521844509804
156,CZ_E_Balance,2050,2,21,24,6073.521844509804
157,CZ_E_Balance,2050,3,1,4,6211.064855560747
158,CZ_E_Balance,2050,3,5,8,6211.064855560747
159,CZ_E_Balance,2050,3,9,12,-0.0
160,CZ_E_Balance,2050,3,13,16,-0.0
161,CZ_E_Balance,2050,3,17,20,6211.064855560752
162,CZ_E_Balance,2050,3,21,24,6211.064855560747
163,DE_E_Balance,2050,1,1,1,1.6724399642953358e-12
164,DE_E_Balance,2050,1,2,2,-2.822186928597148e-13
165,DE_E_Balance,2050,1,3,3,-1.390221271435621e-12
166,DE_E_Balance,2050,1,4,4,-0.0
167,DE_E_Balance,2050,1,5,5,-2.822186928597148e-13
168,DE_E_Balance,2050,1,6,6,2.822186928597148e-13
169,DE_E_Balance,2050,1,7,7,-0.0
170,DE_E_Balance,2050,1,8,8,-0.0
171,DE_E_Balance,2050,1,9,9,-0.0
172,DE_E_Balance,2050,1,10,10,-0.0
173,DE_E_Balance,2050,1,11,11,-0.0
174,DE_E_Balance,2050,1,12,12,-0.0
175,DE_E_Balance,2050,1,13,13,-0.0
176,DE_E_Balance,2050,1,14,14,-0.0
177,DE_E_Balance,2050,1,15,15,-0.0
178,DE_E_Balance,2050,1,16,16,-0.0
179,DE_E_Balance,2050,1,17,17,-0.0
180,DE_E_Balance,2050,1,18,18,-0.0
181,DE_E_Balance,2050,1,19,19,-0.0
182,DE_E_Balance,2050,1,20,20,-0.0
183,DE_E_Balance,2050,1,21,21,-0.0
184,DE_E_Balance,2050,1,22,22,-0.0
185,DE_E_Balance,2050,1,23,23,-0.0
186,DE_E_Balance,2050,1,24,24,-0.0
187,DE_E_Balance,2050,2,1,1,1518.380461127451
188,DE_E_Balance,2050,2,2,2,1518.380461127451
189,DE_E_Balance,2050,2,3,3,1518.380461127451
190,DE_E_Balance,2050,2,4,4,1518.380461127451
191,DE_E_Balance,2050,2,5,5,1518.380461127451
192,DE_E_Balance,2050,2,6,6,1518.380461127451
193,DE_E_Balance,2050,2,7,7,1518.380461127451
194,DE_E_Balance,2050,2,8,8,1518.380461127451
195,DE_E_Balance,2050,2,9,9,-0.0
196,DE_E_Balance,2050,2,10,10,-0.0
197,DE_E_Balance,2050,2,11,11,-0.0
198,DE_E_Balance,2050,2,12,12,-0.0
199,DE_E_Balance,2050,2,13,13,-0.0
200,DE_E_Balance,2050,2,14,14,-0.0
201,DE_E_Balance,2050,2,15,15,-0.0
202,DE_E_Balance,2050,2,16,16,-0.0
203,DE_E_Balance,2050,2,17,17,-0.0
204,DE_E_Balance,2050,2,18,18,1518.380461127451
205,DE_E_Balance,2050,2,19,19,1518.380461127451
206,DE_E_Balance,2050,2,20,20,1518.380461127451
207,DE_E_Balance,2050,2,21,21,1518.380461127451
208,DE_E_Balance,2050,2,22,22,1518.380461127451
209,DE_E_Balance,2050,2,23,23,1518.380461127451
210,DE_E_Balance,2050,2,24,24,1518.380461127451
211,DE_E_Balance,2050,3,1,1,-6.821210263296962e-13
212,DE_E_Balance,2050,3,2,2,3.0127011996228248e-12
213,DE_E_Balance,2050,3,3,3,-6.821210263296962e-13
214,DE_E_Balance,2050,3,4,4,-6.821210263296962e-13
215,DE_E_Balance,2050,3,5,5,-0.0
216,DE_E_Balance,2050,3,6,6,-0.0
217,DE_E_Balance,2050,3,7,7,-0.0
218,DE_E_Balance,2050,3,8,8,-0.0
219,DE_E_Balance,2050,3,9,9,-6.821210263296962e-13
220,DE_E_Balance,2050,3,10,10,-0.0
221,DE_E_Balance,2050,3,11,11,-0.0
222,DE_E_Balance,2050,3,12,12,-0.0
223,DE_E_Balance,2050,3,13,13,-0.0
224,DE_E_Balance,2050,3,14,14,-0.0
225,DE_E_Balance,2050,3,15,15,-0.0
226,DE_E_Balance,2050,3,16,16,-0.0
227,DE_E_Balance,2050,3,17,17,-0.0
228,DE_E_Balance,2050,3,18,18,-0.0
229,DE_E_Balance,2050,3,19,19,-0.0
230,DE_E_Balance,2050,3,20,20,-0.0
231,DE_E_Balance,2050,3,21,21,-0.0
232,DE_E_Balance,2050,3,22,22,-0.0
233,DE_E_Balance,2050,3,23,23,-0.0
234,DE_E_Balance,2050,3,24,24,-0.0
235,DK_E_Balance,2050,1,1,1,1.6724399642953358e-12
236,DK_E_Balance,2050,1,2,2,-1.1548539902150878e-12
237,DK_E_Balance,2050,1,3,3,-0.0
238,DK_E_Balance,2050,1,4,4,-5.17585974080248e-13
239,DK_E_Balance,2050,1,5,5,-0.0
240,DK_E_Balance,2050,1,6,6,-0.0
241,DK_E_Balance,2050,1,7,7,-0.0
242,DK_E_Balance,2050,1,8,8,-0.0
243,DK_E_Balance,2050,1,9,9,-0.0
244,DK_E_Balance,2050,1,10,10,-0.0
245,DK_E_Balance,2050,1,11,11,-0.0
246,DK_E_Balance,2050,1,12,12,-0.0
247,DK_E_Balance,2050,1,13,13,-0.0
248,DK_E_Balance,2050,1,14,14,-0.0
249,DK_E_Balance,2050,1,15,15,-0.0
250,DK_E_Balance,2050,1,16,16,-0.0
251,DK_E_Balance,2050,1,17,17,-0.0
252,DK_E_Balance,2050,1,18,18,-0.0
253,DK_E_Balance,2050,1,19,19,-0.0
254,DK_E_Balance,2050,1,20,20,-0.0
255,DK_E_Balance,2050,1,21,21,-0.0
256,DK_E_Balance,2050,1,22,22,-0.0
257,DK_E_Balance,2050,1,23,23,-0.0
258,DK_E_Balance,2050,1,24,24,-0.0
259,DK_E_Balance,2050,2,1,1,-0.0
260,DK_E_Balance,2050,2,2,2,-0.0
261,DK_E_Balance,2050,2,3,3,-0.0
262,DK_E_Balance,2050,2,4,4,-0.0
263,DK_E_Balance,2050,2,5,5,-0.0
264,DK_E_Balance,2050,2,6,6,-0.0
265,DK_E_Balance,2050,2,7,7,-0.0
266,DK_E_Balance,2050,2,8,8,-0.0
267,DK_E_Balance,2050,2,9,9,-0.0
268,DK_E_Balance,2050,2,10,10,-0.0
269,DK_E_Balance,2050,2,11,11,-0.0
270,DK_E_Balance,2050,2,12,12,-0.0
271,DK_E_Balance,2050,2,13,13,-0.0
272,DK_E_Balance,2050,2,14,14,-0.0
273,DK_E_Balance,2050,2,15,15,-0.0
274,DK_E_Balance,2050,2,16,16,-0.0
275,DK_E_Balance,2050,2,17,17,-0.0
276,DK_E_Balance,2050,2,18,18,-0.0
277,DK_E_Balance,2050,2,19,19,-0.0
278,DK_E_Balance,2050,2,20,20,-0.0
279,DK_E_Balance,2050,2,21,21,-0.0
280,DK_E_Balance,2050,2,22,22,-0.0
281,DK_E_Balance,2050,2,23,23,-0.0
282,DK_E_Balance,2050,2,24,24,-0.0
283,DK_E_Balance,2050,3,1,1,-0.0
284,DK_E_Balance,2050,3,2,2,1.6484591469634324e-12
285,DK_E_Balance,2050,3,3,3,-0.0
286,DK_E_Balance,2050,3,4,4,-6.821210263296962e-13
287,DK_E_Balance,2050,3,5,5,-0.0
288,DK_E_Balance,2050,3,6,6,-0.0
289,DK_E_Balance,2050,3,7,7,-0.0
290,DK_E_Balance,2050,3,8,8,-0.0
291,DK_E_Balance,2050,3,9,9,-0.0
292,DK_E_Balance,2050,3,10,10,-0.0
293,DK_E_Balance,2050,3,11,11,-0.0
294,DK_E_Balance,2050,3,12,12,-0.0
295,DK_E_Balance,2050,3,13,13,-0.0
296,DK_E_Balance,2050,3,14,14,-0.0
297,DK_E_Balance,2050,3,15,15,-0.0
298,DK_E_Balance,2050,3,16,16,-0.0
299,DK_E_Balance,2050,3,17,17,-0.0
300,DK_E_Balance,2050,3,18,18,-0.0
301,DK_E_Balance,2050,3,19,19,-0.0
302,DK_E_Balance,2050,3,20,20,-0.0
303,DK_E_Balance,2050,3,21,21,-0.0
304,DK_E_Balance,2050,3,22,22,-0.0
305,DK_E_Balance,2050,3,23,23,-0.0
306,DK_E_Balance,2050,3,24,24,-0.0
307,EE_E_Balance,2050,1,1,4,-0.0
308,EE_E_Balance,2050,1,5,8,-0.0
309,EE_E_Balance,2050,1,9,12,-0.0
310,EE_E_Balance,2050,1,13,16,-0.0
311,EE_E_Balance,2050,1,17,20,-0.0
312,EE_E_Balance,2050,1,21,24,-0.0
313,EE_E_Balance,2050,2,1,4,-0.0
314,EE_E_Balance,2050,2,5,8,-0.0
315,EE_E_Balance,2050,2,9,12,-0.0
316,EE_E_Balance,2050,2,13,16,-0.0
317,EE_E_Balance,2050,2,17,20,-0.0
318,EE_E_Balance,2050,2,21,24,-0.0
319,EE_E_Balance,2050,3,1,4,-0.0
320,EE_E_Balance,2050,3,5,8,-0.0
321,EE_E_Balance,2050,3,9,12,-0.0
322,EE_E_Balance,2050,3,13,16,-0.0
323,EE_E_Balance,2050,3,17,20,-0.0
324,EE_E_Balance,2050,3,21,24,-0.0
325,ES_E_Balance,2050,1,1,3,-0.0
326,ES_E_Balance,2050,1,4,4,-0.0
327,ES_E_Balance,2050,1,5,6,-0.0
328,ES_E_Balance,2050,1,7,8,-0.0
329,ES_E_Balance,2050,1,9,9,-0.0
330,ES_E_Balance,2050,1,10,12,-0.0
331,ES_E_Balance,2050,1,13,15,-0.0
332,ES_E_Balance,2050,1,16,16,-0.0
333,ES_E_Balance,2050,1,17,18,-0.0
334,ES_E_Balance,2050,1,19,20,-0.0
335,ES_E_Balance,2050,1,21,21,-0.0
336,ES_E_Balance,2050,1,22,24,-0.0
337,ES_E_Balance,2050,2,1,3,-0.0
338,ES_E_Balance,2050,2,4,4,-0.0
339,ES_E_Balance,2050,2,5,6,-0.0
340,ES_E_Balance,2050,2,7,8,-0.0
341,ES_E_Balance,2050,2,9,9,-0.0
342,ES_E_Balance,2050,2,10,12,-0.0
343,ES_E_Balance,2050,2,13,15,-0.0
344,ES_E_Balance,2050,2,16,16,-0.0
345,ES_E_Balance,2050,2,17,18,-0.0
346,ES_E_Balance,2050,2,19,20,-0.0
347,ES_E_Balance,2050,2,21,21,-0.0
348,ES_E_Balance,2050,2,22,24,-0.0
349,ES_E_Balance,2050,3,1,3,-0.0
350,ES_E_Balance,2050,3,4,4,-0.0
351,ES_E_Balance,2050,3,5,6,-0.0
352,ES_E_Balance,2050,3,7,8,-0.0
353,ES_E_Balance,2050,3,9,9,-0.0
354,ES_E_Balance,2050,3,10,12,-0.0
355,ES_E_Balance,2050,3,13,15,-0.0
356,ES_E_Balance,2050,3,16,16,-0.0
357,ES_E_Balance,2050,3,17,18,-0.0
358,ES_E_Balance,2050,3,19,20,-0.0
359,ES_E_Balance,2050,3,21,21,-0.0
360,ES_E_Balance,2050,3,22,24,-0.0
361,FI_E_Balance,2050,1,1,4,-0.0
362,FI_E_Balance,2050,1,5,8,-0.0
363,FI_E_Balance,2050,1,9,12,-0.0
364,FI_E_Balance,2050,1,13,16,-0.0
365,FI_E_Balance,2050,1,17,20,-0.0
366,FI_E_Balance,2050,1,21,24,-0.0
367,FI_E_Balance,2050,2,1,4,-0.0
368,FI_E_Balance,2050,2,5,8,-0.0
369,FI_E_Balance,2050,2,9,12,-0.0
370,FI_E_Balance,2050,2,13,16,-0.0
371,FI_E_Balance,2050,2,17,20,-0.0
372,FI_E_Balance,2050,2,21,24,-0.0
373,FI_E_Balance,2050,3,1,4,-0.0
374,FI_E_Balance,2050,3,5,8,-0.0
375,FI_E_Balance,2050,3,9,12,-0.0
376,FI_E_Balance,2050,3,13,16,-0.0
377,FI_E_Balance,2050,3,17,20,-0.0
378,FI_E_Balance,2050,3,21,24,-0.0
379,FR_E_Balance,2050,1,1,2,-0.0
380,FR_E_Balance,2050,1,3,3,-0.0
381,FR_E_Balance,2050,1,4,4,-0.0
382,FR_E_Balance,2050,1,5,6,-0.0
383,FR_E_Balance,2050,1,7,8,-0.0
384,FR_E_Balance,2050,1,9,9,-0.0
385,FR_E_Balance,2050,1,10,10,-0.0
386,FR_E_Balance,2050,1,11,12,-0.0
387,FR_E_Balance,2050,1,13,14,-0.0
388,FR_E_Balance,2050,1,15,15,-0.0
389,FR_E_Balance,2050,1,16,16,-0.0
390,FR_E_Balance,2050,1,17,18,-0.0
391,FR_E_Balance,2050,1,19,20,-0.0
392,FR_E_Balance,2050,1,21,21,-0.0
393,FR_E_Balance,2050,1,22,22,-0.0
394,FR_E_Balance,2050,1,23,24,-0.0
395,FR_E_Balance,2050,2,1,2,-0.0
396,FR_E_Balance,2050,2,3,3,-0.0
397,FR_E_Balance,2050,2,4,4,-0.0
398,FR_E_Balance,2050,2,5,6,-0.0
399,FR_E_Balance,2050,2,7,8,-0.0
400,FR_E_Balance,2050,2,9,9,-0.0
401,FR_E_Balance,2050,2,10,10,-0.0
402,FR_E_Balance,2050,2,11,12,-0.0
403,FR_E_Balance,2050,2,13,14,-0.0
404,FR_E_Balance,2050,2,15,15,-0.0
405,FR_E_Balance,2050,2,16,16,-0.0
406,FR_E_Balance,2050,2,17,18,-0.0
407,FR_E_Balance,2050,2,19,20,-0.0
408,FR_E_Balance,2050,2,21,21,-0.0
409,FR_E_Balance,2050,2,22,22,-0.0
410,FR_E_Balance,2050,2,23,24,-0.0
411,FR_E_Balance,2050,3,1,2,-0.0
412,FR_E_Balance,2050,3,3,3,-0.0
413,FR_E_Balance,2050,3,4,4,-0.0
414,FR_E_Balance,2050,3,5,6,-0.0
415,FR_E_Balance,2050,3,7,8,-0.0
416,FR_E_Balance,2050,3,9,9,-0.0
417,FR_E_Balance,2050,3,10,10,-0.0
418,FR_E_Balance,2050,3,11,12,-0.0
419,FR_E_Balance,2050,3,13,14,-0.0
420,FR_E_Balance,2050,3,15,15,-0.0
421,FR_E_Balance,2050,3,16,16,-0.0
422,FR_E_Balance,2050,3,17,18,-0.0
423,FR_E_Balance,2050,3,19,20,-0.0
424,FR_E_Balance,2050,3,21,21,-0.0
425,FR_E_Balance,2050,3,22,22,1.2789769243681803e-13
426,FR_E_Balance,2050,3,23,24,-1.2789769243681803e-13
427,GR_E_Balance,2050,1,1,4,-0.0
428,GR_E_Balance,2050,1,5,8,-0.0
429,GR_E_Balance,2050,1,9,12,-0.0
430,GR_E_Balance,2050,1,13,16,-0.0
431,GR_E_Balance,2050,1,17,20,-0.0
432,GR_E_Balance,2050,1,21,24,-0.0
433,GR_E_Balance,2050,2,1,4,-0.0
434,GR_E_Balance,2050,2,5,8,-0.0
435,GR_E_Balance,2050,2,9,12,-0.0
436,GR_E_Balance,2050,2,13,16,-0.0
437,GR_E_Balance,2050,2,17,20,-0.0
438,GR_E_Balance,2050,2,21,24,-0.0
439,GR_E_Balance,2050,3,1,4,-0.0
440,GR_E_Balance,2050,3,5,8,-0.0
441,GR_E_Balance,2050,3,9,12,-0.0
442,GR_E_Balance,2050,3,13,16,-0.0
443,GR_E_Balance,2050,3,17,20,-0.0
444,GR_E_Balance,2050,3,21,24,-0.0
445,HR_E_Balance,2050,1,1,4,-0.0
446,HR_E_Balance,2050,1,5,8,-0.0
447,HR_E_Balance,2050,1,9,12,-0.0
448,HR_E_Balance,2050,1,13,16,-0.0
449,HR_E_Balance,2050,1,17,20,-0.0
450,HR_E_Balance,2050,1,21,24,-0.0
451,HR_E_Balance,2050,2,1,4,6073.521844509804
452,HR_E_Balance,2050,2,5,8,6073.521844509802
453,HR_E_Balance,2050,2,9,12,-0.0
454,HR_E_Balance,2050,2,13,16,-0.0
455,HR_E_Balance,2050,2,17,20,4555.1413833823535
456,HR_E_Balance,2050,2,21,24,6073.521844509804
457,HR_E_Balance,2050,3,1,4,-0.0
458,HR_E_Balance,2050,3,5,8,-0.0
459,HR_E_Balance,2050,3,9,12,-0.0
460,HR_E_Balance,2050,3,13,16,-0.0
461,HR_E_Balance,2050,3,17,20,-0.0
462,HR_E_Balance,2050,3,21,24,-0.0
463,HU_E_Balance,2050,1,1,4,4505.413299929449
464,HU_E_Balance,2050,1,5,8,4505.413299929447
465,HU_E_Balance,2050,1,9,12,-0.0
466,HU_E_Balance,2050,1,13,16,-0.0
467,HU_E_Balance,2050,1,17,20,4505.413299929449
468,HU_E_Balance,2050,1,21,24,4505.413299929449
469,HU_E_Balance,2050,2,1,4,6073.521844509804
470,HU_E_Balance,2050,2,5,8,6073.521844509804
471,HU_E_Balance,2050,2,9,12,-0.0
472,HU_E_Balance,2050,2,13,16,-0.0
473,HU_E_Balance,2050,2,17,20,6073.521844509804
474,HU_E_Balance,2050,2,21,24,6073.521844509804
475,HU_E_Balance,2050,3,1,4,6211.064855560747
476,HU_E_Balance,2050,3,5,8,6211.064855560751
477,HU_E_Balance,2050,3,9,12,-0.0
478,HU_E_Balance,2050,3,13,16,-0.0
479,HU_E_Balance,2050,3,17,20,6211.064855560747
480,HU_E_Balance,2050,3,21,24,6211.064855560747
481,IE_E_Balance,2050,1,1,2,-0.0
482,IE_E_Balance,2050,1,3,4,-0.0
483,IE_E_Balance,2050,1,5,6,-0.0
484,IE_E_Balance,2050,1,7,8,-0.0
485,IE_E_Balance,2050,1,9,10,-0.0
486,IE_E_Balance,2050,1,11,12,-0.0
487,IE_E_Balance,2050,1,13,14,-0.0
488,IE_E_Balance,2050,1,15,16,-0.0
489,IE_E_Balance,2050,1,17,18,-0.0
490,IE_E_Balance,2050,1,19,20,-0.0
491,IE_E_Balance,2050,1,21,22,-0.0
492,IE_E_Balance,2050,1,23,24,-0.0
493,IE_E_Balance,2050,2,1,2,-0.0
494,IE_E_Balance,2050,2,3,4,-0.0
495,IE_E_Balance,2050,2,5,6,-0.0
496,IE_E_Balance,2050,2,7,8,-0.0
497,IE_E_Balance,2050,2,9,10,-0.0
498,IE_E_Balance,2050,2,11,12,-0.0
499,IE_E_Balance,2050,2,13,14,-0.0
500,IE_E_Balance,2050,2,15,16,-0.0
501,IE_E_Balance,2050,2,17,18,-0.0
502,IE_E_Balance,2050,2,19,20,-0.0
503,IE_E_Balance,2050,2,21,22,-0.0
504,IE_E_Balance,2050,2,23,24,-0.0
505,IE_E_Balance,2050,3,1,2,-0.0
506,IE_E_Balance,2050,3,3,4,-0.0
507,IE_E_Balance,2050,3,5,6,-0.0
508,IE_E_Balance,2050,3,7,8,-0.0
509,IE_E_Balance,2050,3,9,10,-0.0
510,IE_E_Balance,2050,3,11,12,-0.0
511,IE_E_Balance,2050,3,13,14,-0.0
512,IE_E_Balance,2050,3,15,16,-0.0
513,IE_E_Balance,2050,3,17,18,-0.0
514,IE_E_Balance,2050,3,19,20,-0.0
515,IE_E_Balance,2050,3,21,22,-0.0
516,IE_E_Balance,2050,3,23,24,-0.0
517,IT_E_Balance,2050,1,1,4,-0.0
518,IT_E_Balance,2050,1,5,8,-0.0
519,IT_E_Balance,2050,1,9,12,-0.0
520,IT_E_Balance,2050,1,13,16,-0.0
521,IT_E_Balance,2050,1,17,20,-0.0
522,IT_E_Balance,2050,1,21,24,-0.0
523,IT_E_Balance,2050,2,1,4,-0.0
524,IT_E_Balance,2050,2,5,8,-0.0
525,IT_E_Balance,2050,2,9,12,-0.0
526,IT_E_Balance,2050,2,13,16,-0.0
527,IT_E_Balance,2050,2,17,20,-0.0
528,IT_E_Balance,2050,2,21,24,-0.0
529,IT_E_Balance,2050,3,1,4,-0.0
530,IT_E_Balance,2050,3,5,8,-0.0
531,IT_E_Balance,2050,3,9,12,-0.0
532,IT_E_Balance,2050,3,13,16,-0.0
533,IT_E_Balance,2050,3,17,20,-0.0
534,IT_E_Balance,2050,3,21,24,-0.0
535,LT_E_Balance,2050,1,1,4,-0.0
536,LT_E_Balance,2050,1,5,8,-0.0
537,LT_E_Balance,2050,1,9,12,-0.0
538,LT_E_Balance,2050,1,13,16,-0.0
539,LT_E_Balance,2050,1,17,20,-0.0
540,LT_E_Balance,2050,1,21,24,-0.0
541,LT_E_Balance,2050,2,1,4,-0.0
542,LT_E_Balance,2050,2,5,8,-0.0
543,LT_E_Balance,2050,2,9,12,-0.0
544,LT_E_Balance,2050,2,13,16,-0.0
545,LT_E_Balance,2050,2,17,20,-0.0
546,LT_E_Balance,2050,2,21,24,-0.0
547,LT_E_Balance,2050,3,1,4,-0.0
548,LT_E_Balance,2050,3,5,8,9.663381206337363e-13
549,LT_E_Balance,2050,3,9,12,-0.0
550,LT_E_Balance,2050,3,13,16,-0.0
551,LT_E_Balance,2050,3,17,20,-0.0
552,LT_E_Balance,2050,3,21,24,-0.0
553,LU_E_Balance,2050,1,1,4,-0.0
554,LU_E_Balance,2050,1,5,8,-0.0
555,LU_E_Balance,2050,1,9,12,-0.0
556,LU_E_Balance,2050,1,13,16,-0.0
557,LU_E_Balance,2050,1,17,20,-0.0
558,LU_E_Balance,2050,1,21,24,-0.0
559,LU_E_Balance,2050,2,1,4,6073.521844509804
560,LU_E_Balance,2050,2,5,8,6073.521844509804
561,LU_E_Balance,2050,2,9,12,-0.0
562,LU_E_Balance,2050,2,13,16,-0.0
563,LU_E_Balance,2050,2,17,20,4555.1413833823535
564,LU_E_Balance,2050,2,21,24,6073.521844509804
565,LU_E_Balance,2050,3,1,4,9.663381206337363e-13
566,LU_E_Balance,2050,3,5,8,-0.0
567,LU_E_Balance,2050,3,9,12,-0.0
568,LU_E_Balance,2050,3,13,16,-0.0
569,LU_E_Balance,2050,3,17,20,-0.0
570,LU_E_Balance,2050,3,21,24,-0.0
571,LV_E_Balance,2050,1,1,4,-0.0
572,LV_E_Balance,2050,1,5,8,-0.0
573,LV_E_Balance,2050,1,9,12,-0.0
574,LV_E_Balance,2050,1,13,16,-0.0
575,LV_E_Balance,2050,1,17,20,-0.0
576,LV_E_Balance,2050,1,21,24,-0.0
577,LV_E_Balance,2050,2,1,4,-0.0
578,LV_E_Balance,2050,2,5,8,-0.0
579,LV_E_Balance,2050,2,9,12,-0.0
580,LV_E_Balance,2050,2,13,16,-0.0
581,LV_E_Balance,2050,2,17,20,-0.0
582,LV_E_Balance,2050,2,21,24,-0.0
583,LV_E_Balance,2050,3,1,4,-0.0
584,LV_E_Balance,2050,3,5,8,-0.0
585,LV_E_Balance,2050,3,9,12,-0.0
586,LV_E_Balance,2050,3,13,16,-0.0
587,LV_E_Balance,2050,3,17,20,-0.0
588,LV_E_Balance,2050,3,21,24,-0.0
589,MT_E_Balance,2050,1,1,4,31286.59720841393
590,MT_E_Balance,2050,1,5,8,31286.59720841393
591,MT_E_Balance,2050,1,9,12,19588.753477954124
592,MT_E_Balance,2050,1,13,16,19588.753477954124
593,MT_E_Balance,2050,1,17,20,31286.59720841393
594,MT_E_Balance,2050,1,21,24,31286.59720841393
595,MT_E_Balance,2050,2,1,4,42175.89351650758
596,MT_E_Balance,2050,2,5,8,42175.89351650758
597,MT_E_Balance,2050,2,9,12,26406.61671526002
598,MT_E_Balance,2050,2,13,16,26406.61671526002
599,MT_E_Balance,2050,2,17,20,42175.89351650758
600,MT_E_Balance,2050,2,21,24,42175.89351650758
601,MT_E_Balance,2050,3,1,4,43131.022935078494
602,MT_E_Balance,2050,3,5,8,43131.022935078494
603,MT_E_Balance,2050,3,9,12,27004.62980678586
604,MT_E_Balance,2050,3,13,16,27004.62980678586
605,MT_E_Balance,2050,3,17,20,43131.022935078494
606,MT_E_Balance,2050,3,21,24,43131.022935078494
607,NL_E_Balance,2050,1,1,1,1.6724399642953358e-12
608,NL_E_Balance,2050,1,2,2,-2.822186928597148e-13
609,NL_E_Balance,2050,1,3,3,-1.390221271435621e-12
610,NL_E_Balance,2050,1,4,4,-0.0
611,NL_E_Balance,2050,1,5,5,-2.822186928597148e-13
612,NL_E_Balance,2050,1,6,6,2.822186928597148e-13
613,NL_E_Balance,2050,1,7,7,-0.0
614,NL_E_Balance,2050,1,8,8,-0.0
615,NL_E_Balance,2050,1,9,9,-0.0
616,NL_E_Balance,2050,1,10,10,-0.0
617,NL_E_Balance,2050,1,11,11,-0.0
618,NL_E_Balance,2050,1,12,12,-0.0
619,NL_E_Balance,2050,1,13,13,-0.0
620,NL_E_Balance,2050,1,14,14,-0.0
621,NL_E_Balance,2050,1,15,15,-0.0
622,NL_E_Balance,2050,1,16,16,-0.0
623,NL_E_Balance,2050,1,17,17,-0.0
624,NL_E_Balance,2050,1,18,18,5.17585974080248e-13
625,NL_E_Balance,2050,1,19,19,-0.0
626,NL_E_Balance,2050,1,20,20,-0.0
627,NL_E_Balance,2050,1,21,21,-0.0
628,NL_E_Balance,2050,1,22,22,-0.0
629,NL_E_Balance,2050,1,23,23,-0.0
630,NL_E_Balance,2050,1,24,24,-0.0
631,NL_E_Balance,2050,2,1,1,1518.380461127451
632,NL_E_Balance,2050,2,2,2,1518.380461127451
633,NL_E_Balance,2050,2,3,3,1518.380461127451
634,NL_E_Balance,2050,2,4,4,1518.380461127451
635,NL_E_Balance,2050,2,5,5,1518.380461127451
636,NL_E_Balance,2050,2,6,6,1518.380461127451
637,NL_E_Balance,2050,2,7,7,1518.380461127451
638,NL_E_Balance,2050,2,8,8,1518.3804611274504
639,NL_E_Balance,2050,2,9,9,1518.380461127451
640,NL_E_Balance,2050,2,10,10,-0.0
641,NL_E_Balance,2050,2,11,11,-0.0
642,NL_E_Balance,2050,2,12,12,-0.0
643,NL_E_Balance,2050,2,13,13,-0.0
644,NL_E_Balance,2050,2,14,14,-0.0
645,NL_E_Balance,2050,2,15,15,-0.0
646,NL_E_Balance,2050,2,16,16,-0.0
647,NL_E_Balance,2050,2,17,17,-0.0
648,NL_E_Balance,2050,2,18,18,1518.380461127451
649,NL_E_Balance,2050,2,19,19,1518.380461127451
650,NL_E_Balance,2050,2,20,20,1518.380461127451
651,NL_E_Balance,2050,2,21,21,1518.380461127451
652,NL_E_Balance,2050,2,22,22,1518.380461127451
653,NL_E_Balance,2050,2,23,23,1518.380461127451
654,NL_E_Balance,2050,2,24,24,1518.380461127451
655,NL_E_Balance,2050,3,1,1,-0.0
656,NL_E_Balance,2050,3,2,2,-0.0
657,NL_E_Balance,2050,3,3,3,-0.0
658,NL_E_Balance,2050,3,4,4,-0.0
659,NL_E_Balance,2050,3,5,5,-0.0
660,NL_E_Balance,2050,3,6,6,-0.0
661,NL_E_Balance,2050,3,7,7,-0.0
662,NL_E_Balance,2050,3,8,8,-0.0
663,NL_E_Balance,2050,3,9,9,-0.0
664,NL_E_Balance,2050,3,10,10,-0.0
665,NL_E_Balance,2050,3,11,11,-0.0
666,NL_E_Balance,2050,3,12,12,-0.0
667,NL_E_Balance,2050,3,13,13,-0.0
668,NL_E_Balance,2050,3,14,14,-0.0
669,NL_E_Balance,2050,3,15,15,-0.0
670,NL_E_Balance,2050,3,16,16,-0.0
671,NL_E_Balance,2050,3,17,17,-0.0
672,NL_E_Balance,2050,3,18,18,-0.0
673,NL_E_Balance,2050,3,19,19,-0.0
674,NL_E_Balance,2050,3,20,20,-0.0
675,NL_E_Balance,2050,3,21,21,-0.0
676,NL_E_Balance,2050,3,22,22,-0.0
677,NL_E_Balance,2050,3,23,23,-1.2789769243681803e-13
678,NL_E_Balance,2050,3,24,24,-0.0
679,NO_E_Balance,2050,1,1,1,1.6724399642953358e-12
680,NO_E_Balance,2050,1,2,2,-2.822186928597148e-13
681,NO_E_Balance,2050,1,3,3,-1.390221271435621e-12
682,NO_E_Balance,2050,1,4,4,-0.0
683,NO_E_Balance,2050,1,5,5,-2.822186928597148e-13
684,NO_E_Balance,2050,1,6,6,2.822186928597148e-13
685,NO_E_Balance,2050,1,7,7,-0.0
686,NO_E_Balance,2050,1,8,8,-0.0
687,NO_E_Balance,2050,1,9,9,-4.547473508864641e-13
688,NO_E_Balance,2050,1,10,10,-0.0
689,NO_E_Balance,2050,1,11,11,-0.0
690,NO_E_Balance,2050,1,12,12,-0.0
691,NO_E_Balance,2050,1,13,13,-0.0
692,NO_E_Balance,2050,1,14,14,-0.0
693,NO_E_Balance,2050,1,15,15,-0.0
694,NO_E_Balance,2050,1,16,16,-0.0
695,NO_E_Balance,2050,1,17,17,-0.0
696,NO_E_Balance,2050,1,18,18,5.17585974080248e-13
697,NO_E_Balance,2050,1,19,19,-0.0
698,NO_E_Balance,2050,1,20,20,-0.0
699,NO_E_Balance,2050,1,21,21,-0.0
700,NO_E_Balance,2050,1,22,22,-0.0
701,NO_E_Balance,2050,1,23,23,-0.0
702,NO_E_Balance,2050,1,24,24,-0.0
703,NO_E_Balance,2050,2,1,1,1518.380461127451
704,NO_E_Balance,2050,2,2,2,1518.380461127451
705,NO_E_Balance,2050,2,3,3,1518.380461127451
706,NO_E_Balance,2050,2,4,4,1518.380461127451
707,NO_E_Balance,2050,2,5,5,1518.380461127451
708,NO_E_Balance,2050,2,6,6,1518.380461127451
709,NO_E_Balance,2050,2,7,7,1518.380461127451
710,NO_E_Balance,2050,2,8,8,1518.3804611274504
711,NO_E_Balance,2050,2,9,9,1518.380461127451
712,NO_E_Balance,2050,2,10,10,1518.3804611274527
713,NO_E_Balance,2050,2,11,11,-0.0
714,NO_E_Balance,2050,2,12,12,-0.0
715,NO_E_Balance,2050,2,13,13,-0.0
716,NO_E_Balance,2050,2,14,14,-0.0
717,NO_E_Balance,2050,2,15,15,-0.0
718,NO_E_Balance,2050,2,16,16,-0.0
719,NO_E_Balance,2050,2,17,17,-0.0
720,NO_E_Balance,2050,2,18,18,1518.380461127451
721,NO_E_Balance,2050,2,19,19,1518.380461127451
722,NO_E_Balance,2050,2,20,20,1518.380461127451
723,NO_E_Balance,2050,2,21,21,1518.380461127451
724,NO_E_Balance,2050,2,22,22,1518.380461127451
725,NO_E_Balance,2050,2,23,23,1518.380461127451
726,NO_E_Balance,2050,2,24,24,1518.380461127451
727,NO_E_Balance,2050,3,1,1,-0.0
728,NO_E_Balance,2050,3,2,2,-0.0
729,NO_E_Balance,2050,3,3,3,-0.0
730,NO_E_Balance,2050,3,4,4,-6.821210263296962e-13
731,NO_E_Balance,2050,3,5,5,-0.0
732,NO_E_Balance,2050,3,6,6,-0.0
733,NO_E_Balance,2050,3,7,7,-1.2789769243681803e-13
734,NO_E_Balance,2050,3,8,8,1552.7662138901862
735,NO_E_Balance,2050,3,9,9,1552.7662138901862
736,NO_E_Balance,2050,3,10,10,-1.2789769243681803e-13
737,NO_E_Balance,2050,3,11,11,-1.2789769243681803e-13
738,NO_E_Balance,2050,3,12,12,-0.0
739,NO_E_Balance,2050,3,13,13,-0.0
740,NO_E_Balance,2050,3,14,14,-0.0
741,NO_E_Balance,2050,3,15,15,-1.2789769243681803e-13
742,NO_E_Balance,2050,3,16,16,-1.2789769243681803e-13
743,NO_E_Balance,2050,3,17,17,1552.7662138901862
744,NO_E_Balance,2050,3,18,18,1552.7662138901862
745,NO_E_Balance,2050,3,19,19,1552.7662138901862
746,NO_E_Balance,2050,3,20,20,-0.0
747,NO_E_Balance,2050,3,21,21,-0.0
748,NO_E_Balance,2050,3,22,22,-0.0
749,NO_E_Balance,2050,3,23,23,-1.2789769243681803e-13
750,NO_E_Balance,2050,3,24,24,-0.0
751,OBZLL_E_Balance,2050,1,1,1,1.6724399642953358e-12
752,OBZLL_E_Balance,2050,1,2,2,-2.822186928597148e-13
753,OBZLL_E_Balance,2050,1,3,3,-1.390221271435621e-12
754,OBZLL_E_Balance,2050,1,4,4,-0.0
755,OBZLL_E_Balance,2050,1,5,5,-2.822186928597148e-13
756,OBZLL_E_Balance,2050,1,6,6,2.822186928597148e-13
757,OBZLL_E_Balance,2050,1,7,7,-0.0
758,OBZLL_E_Balance,2050,1,8,8,-0.0
759,OBZLL_E_Balance,2050,1,9,9,-0.0
760,OBZLL_E_Balance,2050,1,10,10,-0.0
761,OBZLL_E_Balance,2050,1,11,11,-0.0
762,OBZLL_E_Balance,2050,1,12,12,-0.0
763,OBZLL_E_Balance,2050,1,13,13,-0.0
764,OBZLL_E_Balance,2050,1,14,14,-0.0
765,OBZLL_E_Balance,2050,1,15,15,-0.0
766,OBZLL_E_Balance,2050,1,16,16,-0.0
767,OBZLL_E_Balance,2050,1,17,17,-0.0
768,OBZLL_E_Balance,2050,1,18,18,5.17585974080248e-13
769,OBZLL_E_Balance,2050,1,19,19,-0.0
770,OBZLL_E_Balance,2050,1,20,20,-0.0
771,OBZLL_E_Balance,2050,1,21,21,-0.0
772,OBZLL_E_Balance,2050,1,22,22,-0.0
773,OBZLL_E_Balance,2050,1,23,23,-0.0
774,OBZLL_E_Balance,2050,1,24,24,-0.0
775,OBZLL_E_Balance,2050,2,1,1,1518.380461127451
776,OBZLL_E_Balance,2050,2,2,2,1518.380461127451
777,OBZLL_E_Balance,2050,2,3,3,1518.380461127451
778,OBZLL_E_Balance,2050,2,4,4,1518.380461127451
779,OBZLL_E_Balance,2050,2,5,5,1518.380461127451
780,OBZLL_E_Balance,2050,2,6,6,1518.380461127451
781,OBZLL_E_Balance,2050,2,7,7,1518.380461127451
782,OBZLL_E_Balance,2050,2,8,8,1518.380461127451
783,OBZLL_E_Balance,2050,2,9,9,1518.380461127451
784,OBZLL_E_Balance,2050,2,10,10,-0.0
785,OBZLL_E_Balance,2050,2,11,11,-0.0
786,OBZLL_E_Balance,2050,2,12,12,-0.0
787,OBZLL_E_Balance,2050,2,13,13,-0.0
788,OBZLL_E_Balance,2050,2,14,14,-0.0
789,OBZLL_E_Balance,2050,2,15,15,-0.0
790,OBZLL_E_Balance,2050,2,16,16,-0.0
791,OBZLL_E_Balance,2050,2,17,17,-0.0
792,OBZLL_E_Balance,2050,2,18,18,1518.380461127451
793,OBZLL_E_Balance,2050,2,19,19,1518.380461127451
794,OBZLL_E_Balance,2050,2,20,20,1518.380461127451
795,OBZLL_E_Balance,2050,2,21,21,1518.380461127451
796,OBZLL_E_Balance,2050,2,22,22,1518.380461127451
797,OBZLL_E_Balance,2050,2,23,23,1518.380461127451
798,OBZLL_E_Balance,2050,2,24,24,1518.380461127451
799,OBZLL_E_Balance,2050,3,1,1,-0.0
800,OBZLL_E_Balance,2050,3,2,2,-0.0
801,OBZLL_E_Balance,2050,3,3,3,-0.0
802,OBZLL_E_Balance,2050,3,4,4,-0.0
803,OBZLL_E_Balance,2050,3,5,5,-0.0
804,OBZLL_E_Balance,2050,3,6,6,-0.0
805,OBZLL_E_Balance,2050,3,7,7,-0.0
806,OBZLL_E_Balance,2050,3,8,8,-0.0
807,OBZLL_E_Balance,2050,3,9,9,-0.0
808,OBZLL_E_Balance,2050,3,10,10,-0.0
809,OBZLL_E_Balance,2050,3,11,11,-0.0
810,OBZLL_E_Balance,2050,3,12,12,-0.0
811,OBZLL_E_Balance,2050,3,13,13,-0.0
812,OBZLL_E_Balance,2050,3,14,14,-0.0
813,OBZLL_E_Balance,2050,3,15,15,-0.0
814,OBZLL_E_Balance,2050,3,16,16,-0.0
815,OBZLL_E_Balance,2050,3,17,17,-0.0
816,OBZLL_E_Balance,2050,3,18,18,-0.0
817,OBZLL_E_Balance,2050,3,19,19,-0.0
818,OBZLL_E_Balance,2050,3,20,20,-0.0
819,OBZLL_E_Balance,2050,3,21,21,-0.0
820,OBZLL_E_Balance,2050,3,22,22,-0.0
821,OBZLL_E_Balance,2050,3,23,23,-1.2789769243681803e-13
822,OBZLL_E_Balance,2050,3,24,24,-0.0
823,PL_E_Balance,2050,1,1,3,-0.0
824,PL_E_Balance,2050,1,4,4,-0.0
825,PL_E_Balance,2050,1,5,6,-0.0
826,PL_E_Balance,2050,1,7,8,-0.0
827,PL_E_Balance,2050,1,9,9,-0.0
828,PL_E_Balance,2050,1,10,12,-0.0
829,PL_E_Balance,2050,1,13,15,-0.0
830,PL_E_Balance,2050,1,16,16,-0.0
831,PL_E_Balance,2050,1,17,18,-0.0
832,PL_E_Balance,2050,1,19,20,-0.0
833,PL_E_Balance,2050,1,21,21,-0.0
834,PL_E_Balance,2050,1,22,24,-0.0
835,PL_E_Balance,2050,2,1,3,19804.962536445015
836,PL_E_Balance,2050,2,4,4,-4555.1413833823535
837,PL_E_Balance,2050,2,5,6,9110.282766764707
838,PL_E_Balance,2050,2,7,8,-3036.7609222549027
839,PL_E_Balance,2050,2,9,9,6073.521844509804
840,PL_E_Balance,2050,2,10,12,-0.0
841,PL_E_Balance,2050,2,13,15,-0.0
842,PL_E_Balance,2050,2,16,16,6073.521844509804
843,PL_E_Balance,2050,2,17,18,-4555.1413833823535
844,PL_E_Balance,2050,2,19,20,10628.663227892157
845,PL_E_Balance,2050,2,21,21,-6073.521844509801
846,PL_E_Balance,2050,2,22,24,19804.962536445015
847,PL_E_Balance,2050,3,1,3,1.6484591469634324e-12
848,PL_E_Balance,2050,3,4,4,-1.6484591469634324e-12
849,PL_E_Balance,2050,3,5,6,9.663381206337363e-13
850,PL_E_Balance,2050,3,7,8,-0.0
851,PL_E_Balance,2050,3,9,9,-0.0
852,PL_E_Balance,2050,3,10,12,-0.0
853,PL_E_Balance,2050,3,13,15,-0.0
854,PL_E_Balance,2050,3,16,16,-0.0
855,PL_E_Balance,2050,3,17,18,-0.0
856,PL_E_Balance,2050,3,19,20,-0.0
857,PL_E_Balance,2050,3,21,21,-0.0
858,PL_E_Balance,2050,3,22,24,-0.0
859,PT_E_Balance,2050,1,1,4,-0.0
860,PT_E_Balance,2050,1,5,8,-0.0
861,PT_E_Balance,2050,1,9,12,-0.0
862,PT_E_Balance,2050,1,13,16,-0.0
863,PT_E_Balance,2050,1,17,20,-0.0
864,PT_E_Balance,2050,1,21,24,-0.0
865,PT_E_Balance,2050,2,1,4,-0.0
866,PT_E_Balance,2050,2,5,8,-0.0
867,PT_E_Balance,2050,2,9,12,-0.0
868,PT_E_Balance,2050,2,13,16,-0.0
869,PT_E_Balance,2050,2,17,20,-0.0
870,PT_E_Balance,2050,2,21,24,-0.0
871,PT_E_Balance,2050,3,1,4,-0.0
872,PT_E_Balance,2050,3,5,8,-0.0
873,PT_E_Balance,2050,3,9,12,-0.0
874,PT_E_Balance,2050,3,13,16,-0.0
875,PT_E_Balance,2050,3,17,20,-0.0
876,PT_E_Balance,2050,3,21,24,-0.0
877,RO_E_Balance,2050,1,1,4,4505.413299929449
878,RO_E_Balance,2050,1,5,8,4505.413299929447
879,RO_E_Balance,2050,1,9,12,-0.0
880,RO_E_Balance,2050,1,13,16,-0.0
881,RO_E_Balance,2050,1,17,20,4505.413299929449
882,RO_E_Balance,2050,1,21,24,4505.413299929449
883,RO_E_Balance,2050,2,1,4,6073.521844509804
884,RO_E_Balance,2050,2,5,8,6073.521844509804
885,RO_E_Balance,2050,2,9,12,-0.0
886,RO_E_Balance,2050,2,13,16,-0.0
887,RO_E_Balance,2050,2,17,20,6073.521844509804
888,RO_E_Balance,2050,2,21,24,6073.521844509804
889,RO_E_Balance,2050,3,1,4,6211.064855560747
890,RO_E_Balance,2050,3,5,8,6211.064855560751
891,RO_E_Balance,2050,3,9,12,-0.0
892,RO_E_Balance,2050,3,13,16,-0.0
893,RO_E_Balance,2050,3,17,20,6211.064855560747
894,RO_E_Balance,2050,3,21,24,6211.064855560747
895,SE_E_Balance,2050,1,1,4,-0.0
896,SE_E_Balance,2050,1,5,8,-0.0
897,SE_E_Balance,2050,1,9,12,-0.0
898,SE_E_Balance,2050,1,13,16,-0.0
899,SE_E_Balance,2050,1,17,20,-0.0
900,SE_E_Balance,2050,1,21,24,-0.0
901,SE_E_Balance,2050,2,1,4,-0.0
902,SE_E_Balance,2050,2,5,8,-0.0
903,SE_E_Balance,2050,2,9,12,-0.0
904,SE_E_Balance,2050,2,13,16,-0.0
905,SE_E_Balance,2050,2,17,20,-0.0
906,SE_E_Balance,2050,2,21,24,-0.0
907,SE_E_Balance,2050,3,1,4,9.663381206337363e-13
908,SE_E_Balance,2050,3,5,8,-0.0
909,SE_E_Balance,2050,3,9,12,-0.0
910,SE_E_Balance,2050,3,13,16,-0.0
911,SE_E_Balance,2050,3,17,20,-0.0
912,SE_E_Balance,2050,3,21,24,-0.0
913,SI_E_Balance,2050,1,1,4,-0.0
914,SI_E_Balance,2050,1,5,8,-0.0
915,SI_E_Balance,2050,1,9,12,-0.0
916,SI_E_Balance,2050,1,13,16,-0.0
917,SI_E_Balance,2050,1,17,20,-0.0
918,SI_E_Balance,2050,1,21,24,-0.0
919,SI_E_Balance,2050,2,1,4,6073.521844509804
920,SI_E_Balance,2050,2,5,8,6073.521844509802
921,SI_E_Balance,2050,2,9,12,-0.0
922,SI_E_Balance,2050,2,13,16,-0.0
923,SI_E_Balance,2050,2,17,20,4555.1413833823535
924,SI_E_Balance,2050,2,21,24,6073.521844509804
925,SI_E_Balance,2050,3,1,4,-0.0
926,SI_E_Balance,2050,3,5,8,-0.0
927,SI_E_Balance,2050,3,9,12,-0.0
928,SI_E_Balance,2050,3,13,16,-0.0
929,SI_E_Balance,2050,3,17,20,-0.0
930,SI_E_Balance,2050,3,21,24,-0.0
931,SK_E_Balance,2050,1,1,4,4505.413299929449
932,SK_E_Balance,2050,1,5,8,4505.413299929447
933,SK_E_Balance,2050,1,9,12,-0.0
934,SK_E_Balance,2050,1,13,16,-0.0
935,SK_E_Balance,2050,1,17,20,4505.413299929449
936,SK_E_Balance,2050,1,21,24,4505.413299929449
937,SK_E_Balance,2050,2,1,4,6073.521844509804
938,SK_E_Balance,2050,2,5,8,6073.521844509804
939,SK_E_Balance,2050,2,9,12,6073.521844509804
940,SK_E_Balance,2050,2,13,16,6073.521844509804
941,SK_E_Balance,2050,2,17,20,6073.521844509804
942,SK_E_Balance,2050,2,21,24,6073.521844509804
943,SK_E_Balance,2050,3,1,4,6211.064855560747
944,SK_E_Balance,2050,3,5,8,6211.064855560751
945,SK_E_Balance,2050,3,9,12,-0.0
946,SK_E_Balance,2050,3,13,16,-0.0
947,SK_E_Balance,2050,3,17,20,6211.064855560747
948,SK_E_Balance,2050,3,21,24,6211.064855560747
949,UK_E_Balance,2050,1,1,1,5.17585974080248e-13
950,UK_E_Balance,2050,1,2,2,-5.17585974080248e-13
951,UK_E_Balance,2050,1,3,3,5.17585974080248e-13
952,UK_E_Balance,2050,1,4,4,-5.17585974080248e-13
953,UK_E_Balance,2050,1,5,5,-0.0
954,UK_E_Balance,2050,1,6,6,-0.0
955,UK_E_Balance,2050,1,7,7,-0.0
956,UK_E_Balance,2050,1,8,8,-0.0
957,UK_E_Balance,2050,1,9,9,-4.547473508864641e-13
958,UK_E_Balance,2050,1,10,10,4.547473508864641e-13
959,UK_E_Balance,2050,1,11,11,-0.0
960,UK_E_Balance,2050,1,12,12,-0.0
961,UK_E_Balance,2050,1,13,13,-0.0
962,UK_E_Balance,2050,1,14,14,-0.0
963,UK_E_Balance,2050,1,15,15,-0.0
964,UK_E_Balance,2050,1,16,16,-0.0
965,UK_E_Balance,2050,1,17,17,-0.0
966,UK_E_Balance,2050,1,18,18,5.17585974080248e-13
967,UK_E_Balance,2050,1,19,19,-0.0
968,UK_E_Balance,2050,1,20,20,-0.0
969,UK_E_Balance,2050,1,21,21,-0.0
970,UK_E_Balance,2050,1,22,22,-0.0
971,UK_E_Balance,2050,1,23,23,-0.0
972,UK_E_Balance,2050,1,24,24,-0.0
973,UK_E_Balance,2050,2,1,1,1518.380461127451
974,UK_E_Balance,2050,2,2,2,1518.380461127451
975,UK_E_Balance,2050,2,3,3,1518.380461127451
976,UK_E_Balance,2050,2,4,4,1518.380461127451
977,UK_E_Balance,2050,2,5,5,1518.380461127451
978,UK_E_Balance,2050,2,6,6,1518.380461127451
979,UK_E_Balance,2050,2,7,7,1518.380461127451
980,UK_E_Balance,2050,2,8,8,1518.380461127451
981,UK_E_Balance,2050,2,9,9,1518.380461127451
982,UK_E_Balance,2050,2,10,10,1518.3804611274527
983,UK_E_Balance,2050,2,11,11,-0.0
984,UK_E_Balance,2050,2,12,12,-0.0
985,UK_E_Balance,2050,2,13,13,-0.0
986,UK_E_Balance,2050,2,14,14,-0.0
987,UK_E_Balance,2050,2,15,15,-0.0
988,UK_E_Balance,2050,2,16,16,-0.0
989,UK_E_Balance,2050,2,17,17,-0.0
990,UK_E_Balance,2050,2,18,18,1518.380461127451
991,UK_E_Balance,2050,2,19,19,1518.380461127451
992,UK_E_Balance,2050,2,20,20,1518.380461127451
993,UK_E_Balance,2050,2,21,21,1518.380461127451
994,UK_E_Balance,2050,2,22,22,1518.380461127451
995,UK_E_Balance,2050,2,23,23,1518.380461127451
996,UK_E_Balance,2050,2,24,24,1518.380461127451
997,UK_E_Balance,2050,3,1,1,-0.0
998,UK_E_Balance,2050,3,2,2,-0.0
999,UK_E_Balance,2050,3,3,3,-0.0
1000,UK_E_Balance,2050,3,4,4,-0.0
1001,UK_E_Balance,2050,3,5,5,-0.0
1002,UK_E_Balance,2050,3,6,6,-0.0
1003,UK_E_Balance,2050,3,7,7,-0.0
1004,UK_E_Balance,2050,3,8,8,-0.0
1005,UK_E_Balance,2050,3,9,9,-0.0
1006,UK_E_Balance,2050,3,10,10,-0.0
1007,UK_E_Balance,2050,3,11,11,-0.0
1008,UK_E_Balance,2050,3,12,12,-0.0
1009,UK_E_Balance,2050,3,13,13,-0.0
1010,UK_E_Balance,2050,3,14,14,-0.0
1011,UK_E_Balance,2050,3,15,15,-0.0
1012,UK_E_Balance,2050,3,16,16,-0.0
1013,UK_E_Balance,2050,3,17,17,-0.0
1014,UK_E_Balance,2050,3,18,18,-0.0
1015,UK_E_Balance,2050,3,19,19,-0.0
1016,UK_E_Balance,2050,3,20,20,-0.0
1017,UK_E_Balance,2050,3,21,21,-0.0
1018,UK_E_Balance,2050,3,22,22,-0.0
1019,UK_E_Balance,2050,3,23,23,-0.0
1020,UK_E_Balance,2050,3,24,24,-0.0
