asset_name,asset_name,,{true;false},MW,year,year,
from_asset,to_asset,carrier,is_transport,capacity,technical_lifetime,economic_lifetime,discount_rate
NL_E_Balance,BE_E_Balance,electricity,true,1000,10,1,0.02
NL_E_Balance,NL_E_Demand,electricity,false,1000,10,1,0.02
NL_E_ENS,NL_E_Demand,electricity,false,1000,10,1,0.02
NL_Wind_Onshore,NL_E_Balance,electricity,false,1000,10,1,0.02
NL_Wind_Offshore,NL_E_Balance,electricity,false,1000,10,1,0.02
NL_Solar,NL_E_Balance,electricity,false,1000,10,1,0.02
NL_E_Balance,NL_Battery,electricity,false,1000,10,1,0.02
NL_Battery,NL_E_Balance,electricity,false,1000,10,1,0.02
NL_Gas,NL_E_Balance,electricity,false,1000,10,1,0.02
NL_OCGT,NL_E_Balance,electricity,false,1000,10,1,0.02
BE_E_Balance,BE_E_Demand,electricity,false,1000,10,1,0.02
BE_E_ENS,BE_E_Demand,electricity,false,1000,10,1,0.02
BE_Wind_Onshore,BE_E_Balance,electricity,false,1000,10,1,0.02
BE_Wind_Offshore,BE_E_Balance,electricity,false,1000,10,1,0.02
BE_Solar,BE_E_Balance,electricity,false,1000,10,1,0.02
BE_Hydro,BE_E_Balance,electricity,false,1000,10,1,0.02
BE_E_Balance,BE_Battery,electricity,false,1000,10,1,0.02
BE_Battery,BE_E_Balance,electricity,false,1000,10,1,0.02
BE_Gas,BE_E_Balance,electricity,false,1000,10,1,0.02
BE_OCGT,BE_E_Balance,electricity,false,1000,10,1,0.02
DE_E_Balance,NL_E_Balance,electricity,true,1000,10,1,0.02
DE_E_Balance,BE_E_Balance,electricity,true,1000,10,1,0.02
DE_E_Balance,DE_E_Demand,electricity,false,1000,10,1,0.02
DE_E_ENS,DE_E_Demand,electricity,false,1000,10,1,0.02
DE_Wind_Onshore,DE_E_Balance,electricity,false,1000,10,1,0.02
DE_Wind_Offshore,DE_E_Balance,electricity,false,1000,10,1,0.02
DE_Solar,DE_E_Balance,electricity,false,1000,10,1,0.02
DE_Hydro,DE_E_Balance,electricity,false,1000,10,1,0.02
DE_Hydro_Reservoir,DE_E_Balance,electricity,false,1000,10,1,0.02
DE_E_Balance,DE_Battery,electricity,false,1000,10,1,0.02
DE_Battery,DE_E_Balance,electricity,false,1000,10,1,0.02
DE_E_Balance,DE_Pump_Hydro_Closed,electricity,false,1000,10,1,0.02
DE_Pump_Hydro_Closed,DE_E_Balance,electricity,false,1000,10,1,0.02
DE_E_Balance,DE_Pump_Hydro_Open,electricity,false,1000,10,1,0.02
DE_Pump_Hydro_Open,DE_E_Balance,electricity,false,1000,10,1,0.02
DE_Coal,DE_E_Balance,electricity,false,1000,10,1,0.02
DE_Gas,DE_E_Balance,electricity,false,1000,10,1,0.02
DE_OCGT,DE_E_Balance,electricity,false,1000,10,1,0.02
FR_E_Balance,DE_E_Balance,electricity,true,1000,10,1,0.02
FR_E_Balance,BE_E_Balance,electricity,true,1000,10,1,0.02
FR_E_Balance,FR_E_Demand,electricity,false,1000,10,1,0.02
FR_E_ENS,FR_E_Demand,electricity,false,1000,10,1,0.02
FR_Wind_Onshore,FR_E_Balance,electricity,false,1000,10,1,0.02
FR_Wind_Offshore,FR_E_Balance,electricity,false,1000,10,1,0.02
FR_Solar,FR_E_Balance,electricity,false,1000,10,1,0.02
FR_Hydro,FR_E_Balance,electricity,false,1000,10,1,0.02
FR_Hydro_Reservoir,FR_E_Balance,electricity,false,1000,10,1,0.02
FR_Nuclear,FR_E_Balance,electricity,false,1000,10,1,0.02
FR_E_Balance,FR_Pump_Hydro_Closed,electricity,false,1000,10,1,0.02
FR_Pump_Hydro_Closed,FR_E_Balance,electricity,false,1000,10,1,0.02
FR_E_Balance,FR_Pump_Hydro_Open,electricity,false,1000,10,1,0.02
FR_Pump_Hydro_Open,FR_E_Balance,electricity,false,1000,10,1,0.02
FR_Gas,FR_E_Balance,electricity,false,1000,10,1,0.02
FR_OCGT,FR_E_Balance,electricity,false,1000,10,1,0.02
DK_E_Balance,DE_E_Balance,electricity,true,1000,10,1,0.02
DK_E_Balance,NL_E_Balance,electricity,true,1000,10,1,0.02
DK_E_Balance,DK_E_Demand,electricity,false,1000,10,1,0.02
DK_E_ENS,DK_E_Demand,electricity,false,1000,10,1,0.02
DK_Wind_Onshore,DK_E_Balance,electricity,false,1000,10,1,0.02
DK_Wind_Offshore,DK_E_Balance,electricity,false,1000,10,1,0.02
DK_Solar,DK_E_Balance,electricity,false,1000,10,1,0.02
DK_Gas,DK_E_Balance,electricity,false,1000,10,1,0.02
DK_OCGT,DK_E_Balance,electricity,false,1000,10,1,0.02
UK_E_Balance,BE_E_Balance,electricity,true,1000,10,1,0.02
UK_E_Balance,DK_E_Balance,electricity,true,1000,10,1,0.02
UK_E_Balance,FR_E_Balance,electricity,true,1000,10,1,0.02
UK_E_Balance,NL_E_Balance,electricity,true,1000,10,1,0.02
UK_E_Balance,UK_E_Demand,electricity,false,1000,10,1,0.02
UK_E_ENS,UK_E_Demand,electricity,false,1000,10,1,0.02
UK_Wind_Onshore,UK_E_Balance,electricity,false,1000,10,1,0.02
UK_Wind_Offshore,UK_E_Balance,electricity,false,1000,10,1,0.02
UK_Solar,UK_E_Balance,electricity,false,1000,10,1,0.02
UK_Hydro,UK_E_Balance,electricity,false,1000,10,1,0.02
UK_Nuclear,UK_E_Balance,electricity,false,1000,10,1,0.02
UK_E_Balance,UK_Battery,electricity,false,1000,10,1,0.02
UK_Battery,UK_E_Balance,electricity,false,1000,10,1,0.02
UK_E_Balance,UK_Pump_Hydro_Closed,electricity,false,1000,10,1,0.02
UK_Pump_Hydro_Closed,UK_E_Balance,electricity,false,1000,10,1,0.02
UK_Gas,UK_E_Balance,electricity,false,1000,10,1,0.02
UK_OCGT,UK_E_Balance,electricity,false,1000,10,1,0.02
IE_E_Balance,UK_E_Balance,electricity,true,1000,10,1,0.02
IE_E_Balance,FR_E_Balance,electricity,true,1000,10,1,0.02
IE_E_Balance,IE_E_Demand,electricity,false,1000,10,1,0.02
IE_E_ENS,IE_E_Demand,electricity,false,1000,10,1,0.02
IE_Wind_Onshore,IE_E_Balance,electricity,false,1000,10,1,0.02
IE_Wind_Offshore,IE_E_Balance,electricity,false,1000,10,1,0.02
IE_Solar,IE_E_Balance,electricity,false,1000,10,1,0.02
IE_Hydro,IE_E_Balance,electricity,false,1000,10,1,0.02
IE_E_Balance,IE_Battery,electricity,false,1000,10,1,0.02
IE_Battery,IE_E_Balance,electricity,false,1000,10,1,0.02
IE_E_Balance,IE_Pump_Hydro_Closed,electricity,false,1000,10,1,0.02
IE_Pump_Hydro_Closed,IE_E_Balance,electricity,false,1000,10,1,0.02
IE_Gas,IE_E_Balance,electricity,false,1000,10,1,0.02
IE_OCGT,IE_E_Balance,electricity,false,1000,10,1,0.02
CH_E_Balance,DE_E_Balance,electricity,true,1000,10,1,0.02
CH_E_Balance,FR_E_Balance,electricity,true,1000,10,1,0.02
CH_E_Balance,CH_E_Demand,electricity,false,1000,10,1,0.02
CH_E_ENS,CH_E_Demand,electricity,false,1000,10,1,0.02
CH_Wind_Onshore,CH_E_Balance,electricity,false,1000,10,1,0.02
CH_Solar,CH_E_Balance,electricity,false,1000,10,1,0.02
CH_Hydro,CH_E_Balance,electricity,false,1000,10,1,0.02
CH_Nuclear,CH_E_Balance,electricity,false,1000,10,1,0.02
CH_E_Balance,CH_Battery,electricity,false,1000,10,1,0.02
CH_Battery,CH_E_Balance,electricity,false,1000,10,1,0.02
CH_E_Balance,CH_Pump_Hydro_Closed,electricity,false,1000,10,1,0.02
CH_Pump_Hydro_Closed,CH_E_Balance,electricity,false,1000,10,1,0.02
CH_E_Balance,CH_Pump_Hydro_Open,electricity,false,1000,10,1,0.02
CH_Pump_Hydro_Open,CH_E_Balance,electricity,false,1000,10,1,0.02
AT_E_Balance,CH_E_Balance,electricity,true,1000,10,1,0.02
AT_E_Balance,DE_E_Balance,electricity,true,1000,10,1,0.02
AT_E_Balance,AT_E_Demand,electricity,false,1000,10,1,0.02
AT_E_ENS,AT_E_Demand,electricity,false,1000,10,1,0.02
AT_Wind_Onshore,AT_E_Balance,electricity,false,1000,10,1,0.02
AT_Solar,AT_E_Balance,electricity,false,1000,10,1,0.02
AT_Hydro,AT_E_Balance,electricity,false,1000,10,1,0.02
AT_Hydro_Reservoir,AT_E_Balance,electricity,false,1000,10,1,0.02
AT_E_Balance,AT_Battery,electricity,false,1000,10,1,0.02
AT_Battery,AT_E_Balance,electricity,false,1000,10,1,0.02
AT_E_Balance,AT_Pump_Hydro_Closed,electricity,false,1000,10,1,0.02
AT_Pump_Hydro_Closed,AT_E_Balance,electricity,false,1000,10,1,0.02
AT_E_Balance,AT_Pump_Hydro_Open,electricity,false,1000,10,1,0.02
AT_Pump_Hydro_Open,AT_E_Balance,electricity,false,1000,10,1,0.02
AT_Gas,AT_E_Balance,electricity,false,1000,10,1,0.02
LU_E_Balance,BE_E_Balance,electricity,true,1000,10,1,0.02
LU_E_Balance,DE_E_Balance,electricity,true,1000,10,1,0.02
LU_E_Balance,FR_E_Balance,electricity,true,1000,10,1,0.02
LU_E_Balance,LU_E_Demand,electricity,false,1000,10,1,0.02
LU_E_ENS,LU_E_Demand,electricity,false,1000,10,1,0.02
LU_Wind_Onshore,LU_E_Balance,electricity,false,1000,10,1,0.02
LU_Solar,LU_E_Balance,electricity,false,1000,10,1,0.02
LU_Hydro,LU_E_Balance,electricity,false,1000,10,1,0.02
LU_E_Balance,LU_Pump_Hydro_Closed,electricity,false,1000,10,1,0.02
LU_Pump_Hydro_Closed,LU_E_Balance,electricity,false,1000,10,1,0.02
CZ_E_Balance,AT_E_Balance,electricity,true,1000,10,1,0.02
CZ_E_Balance,DE_E_Balance,electricity,true,1000,10,1,0.02
CZ_E_Balance,CZ_E_Demand,electricity,false,1000,10,1,0.02
CZ_E_ENS,CZ_E_Demand,electricity,false,1000,10,1,0.02
CZ_Wind_Onshore,CZ_E_Balance,electricity,false,1000,10,1,0.02
CZ_Solar,CZ_E_Balance,electricity,false,1000,10,1,0.02
CZ_Hydro,CZ_E_Balance,electricity,false,1000,10,1,0.02
CZ_Hydro_Reservoir,CZ_E_Balance,electricity,false,1000,10,1,0.02
CZ_Nuclear,CZ_E_Balance,electricity,false,1000,10,1,0.02
CZ_E_Balance,CZ_Battery,electricity,false,1000,10,1,0.02
CZ_Battery,CZ_E_Balance,electricity,false,1000,10,1,0.02
CZ_E_Balance,CZ_Pump_Hydro_Closed,electricity,false,1000,10,1,0.02
CZ_Pump_Hydro_Closed,CZ_E_Balance,electricity,false,1000,10,1,0.02
CZ_E_Balance,CZ_Pump_Hydro_Open,electricity,false,1000,10,1,0.02
CZ_Pump_Hydro_Open,CZ_E_Balance,electricity,false,1000,10,1,0.02
CZ_Coal,CZ_E_Balance,electricity,false,1000,10,1,0.02
CZ_Gas,CZ_E_Balance,electricity,false,1000,10,1,0.02
PL_E_Balance,DK_E_Balance,electricity,true,1000,10,1,0.02
PL_E_Balance,CZ_E_Balance,electricity,true,1000,10,1,0.02
PL_E_Balance,DE_E_Balance,electricity,true,1000,10,1,0.02
PL_E_Balance,PL_E_Demand,electricity,false,1000,10,1,0.02
PL_E_ENS,PL_E_Demand,electricity,false,1000,10,1,0.02
PL_Wind_Onshore,PL_E_Balance,electricity,false,1000,10,1,0.02
PL_Wind_Offshore,PL_E_Balance,electricity,false,1000,10,1,0.02
PL_Solar,PL_E_Balance,electricity,false,1000,10,1,0.02
PL_Hydro,PL_E_Balance,electricity,false,1000,10,1,0.02
PL_Hydro_Reservoir,PL_E_Balance,electricity,false,1000,10,1,0.02
PL_E_Balance,PL_Pump_Hydro_Closed,electricity,false,1000,10,1,0.02
PL_Pump_Hydro_Closed,PL_E_Balance,electricity,false,1000,10,1,0.02
PL_E_Balance,PL_Pump_Hydro_Open,electricity,false,1000,10,1,0.02
PL_Pump_Hydro_Open,PL_E_Balance,electricity,false,1000,10,1,0.02
PL_Coal,PL_E_Balance,electricity,false,1000,10,1,0.02
PL_Gas,PL_E_Balance,electricity,false,1000,10,1,0.02
SE_E_Balance,DK_E_Balance,electricity,true,1000,10,1,0.02
SE_E_Balance,PL_E_Balance,electricity,true,1000,10,1,0.02
SE_E_Balance,DE_E_Balance,electricity,true,1000,10,1,0.02
SE_E_Balance,SE_E_Demand,electricity,false,1000,10,1,0.02
SE_E_ENS,SE_E_Demand,electricity,false,1000,10,1,0.02
SE_Wind_Onshore,SE_E_Balance,electricity,false,1000,10,1,0.02
SE_Wind_Offshore,SE_E_Balance,electricity,false,1000,10,1,0.02
SE_Solar,SE_E_Balance,electricity,false,1000,10,1,0.02
SE_Hydro_Reservoir,SE_E_Balance,electricity,false,1000,10,1,0.02
SE_Nuclear,SE_E_Balance,electricity,false,1000,10,1,0.02
SE_E_Balance,SE_Battery,electricity,false,1000,10,1,0.02
SE_Battery,SE_E_Balance,electricity,false,1000,10,1,0.02
SE_Gas,SE_E_Balance,electricity,false,1000,10,1,0.02
SE_OCGT,SE_E_Balance,electricity,false,1000,10,1,0.02
NO_E_Balance,DK_E_Balance,electricity,true,1000,10,1,0.02
NO_E_Balance,NL_E_Balance,electricity,true,1000,10,1,0.02
NO_E_Balance,DE_E_Balance,electricity,true,1000,10,1,0.02
NO_E_Balance,SE_E_Balance,electricity,true,1000,10,1,0.02
NO_E_Balance,UK_E_Balance,electricity,true,1000,10,1,0.02
NO_E_Balance,NO_E_Demand,electricity,false,1000,10,1,0.02
NO_E_ENS,NO_E_Demand,electricity,false,1000,10,1,0.02
NO_Wind_Onshore,NO_E_Balance,electricity,false,1000,10,1,0.02
NO_Wind_Offshore,NO_E_Balance,electricity,false,1000,10,1,0.02
NO_Solar,NO_E_Balance,electricity,false,1000,10,1,0.02
NO_E_Balance,NO_Pump_Hydro_Open,electricity,false,1000,10,1,0.02
NO_Pump_Hydro_Open,NO_E_Balance,electricity,false,1000,10,1,0.02
ES_E_Balance,FR_E_Balance,electricity,true,1000,10,1,0.02
ES_E_Balance,ES_E_Demand,electricity,false,1000,10,1,0.02
ES_E_ENS,ES_E_Demand,electricity,false,1000,10,1,0.02
ES_Wind_Onshore,ES_E_Balance,electricity,false,1000,10,1,0.02
ES_Wind_Offshore,ES_E_Balance,electricity,false,1000,10,1,0.02
ES_Solar,ES_E_Balance,electricity,false,1000,10,1,0.02
ES_Hydro,ES_E_Balance,electricity,false,1000,10,1,0.02
ES_Hydro_Reservoir,ES_E_Balance,electricity,false,1000,10,1,0.02
ES_Nuclear,ES_E_Balance,electricity,false,1000,10,1,0.02
ES_E_Balance,ES_Battery,electricity,false,1000,10,1,0.02
ES_Battery,ES_E_Balance,electricity,false,1000,10,1,0.02
ES_E_Balance,ES_Pump_Hydro_Closed,electricity,false,1000,10,1,0.02
ES_Pump_Hydro_Closed,ES_E_Balance,electricity,false,1000,10,1,0.02
ES_E_Balance,ES_Pump_Hydro_Open,electricity,false,1000,10,1,0.02
ES_Pump_Hydro_Open,ES_E_Balance,electricity,false,1000,10,1,0.02
ES_Gas,ES_E_Balance,electricity,false,1000,10,1,0.02
PT_E_Balance,ES_E_Balance,electricity,true,1000,10,1,0.02
PT_E_Balance,PT_E_Demand,electricity,false,1000,10,1,0.02
PT_E_ENS,PT_E_Demand,electricity,false,1000,10,1,0.02
PT_Wind_Onshore,PT_E_Balance,electricity,false,1000,10,1,0.02
PT_Wind_Offshore,PT_E_Balance,electricity,false,1000,10,1,0.02
PT_Solar,PT_E_Balance,electricity,false,1000,10,1,0.02
PT_Hydro,PT_E_Balance,electricity,false,1000,10,1,0.02
PT_Hydro_Reservoir,PT_E_Balance,electricity,false,1000,10,1,0.02
PT_E_Balance,PT_Pump_Hydro_Open,electricity,false,1000,10,1,0.02
PT_Pump_Hydro_Open,PT_E_Balance,electricity,false,1000,10,1,0.02
PT_Gas,PT_E_Balance,electricity,false,1000,10,1,0.02
IT_E_Balance,FR_E_Balance,electricity,true,1000,10,1,0.02
IT_E_Balance,CH_E_Balance,electricity,true,1000,10,1,0.02
IT_E_Balance,AT_E_Balance,electricity,true,1000,10,1,0.02
IT_E_Balance,IT_E_Demand,electricity,false,1000,10,1,0.02
IT_E_ENS,IT_E_Demand,electricity,false,1000,10,1,0.02
IT_Wind_Onshore,IT_E_Balance,electricity,false,1000,10,1,0.02
IT_Wind_Offshore,IT_E_Balance,electricity,false,1000,10,1,0.02
IT_Solar,IT_E_Balance,electricity,false,1000,10,1,0.02
IT_Hydro,IT_E_Balance,electricity,false,1000,10,1,0.02
IT_Hydro_Reservoir,IT_E_Balance,electricity,false,1000,10,1,0.02
IT_E_Balance,IT_Battery,electricity,false,1000,10,1,0.02
IT_Battery,IT_E_Balance,electricity,false,1000,10,1,0.02
IT_E_Balance,IT_Pump_Hydro_Closed,electricity,false,1000,10,1,0.02
IT_Pump_Hydro_Closed,IT_E_Balance,electricity,false,1000,10,1,0.02
IT_E_Balance,IT_Pump_Hydro_Open,electricity,false,1000,10,1,0.02
IT_Pump_Hydro_Open,IT_E_Balance,electricity,false,1000,10,1,0.02
IT_Gas,IT_E_Balance,electricity,false,1000,10,1,0.02
IT_OCGT,IT_E_Balance,electricity,false,1000,10,1,0.02
MT_E_Balance,IT_E_Balance,electricity,true,1000,10,1,0.02
MT_E_Balance,MT_E_Demand,electricity,false,1000,10,1,0.02
MT_E_ENS,MT_E_Demand,electricity,false,1000,10,1,0.02
MT_Solar,MT_E_Balance,electricity,false,1000,10,1,0.02
MT_Gas,MT_E_Balance,electricity,false,1000,10,1,0.02
SI_E_Balance,AT_E_Balance,electricity,true,1000,10,1,0.02
SI_E_Balance,IT_E_Balance,electricity,true,1000,10,1,0.02
SI_E_Balance,SI_E_Demand,electricity,false,1000,10,1,0.02
SI_E_ENS,SI_E_Demand,electricity,false,1000,10,1,0.02
SI_Wind_Onshore,SI_E_Balance,electricity,false,1000,10,1,0.02
SI_Solar,SI_E_Balance,electricity,false,1000,10,1,0.02
SI_Hydro,SI_E_Balance,electricity,false,1000,10,1,0.02
SI_Nuclear,SI_E_Balance,electricity,false,1000,10,1,0.02
SI_E_Balance,SI_Battery,electricity,false,1000,10,1,0.02
SI_Battery,SI_E_Balance,electricity,false,1000,10,1,0.02
SI_E_Balance,SI_Pump_Hydro_Closed,electricity,false,1000,10,1,0.02
SI_Pump_Hydro_Closed,SI_E_Balance,electricity,false,1000,10,1,0.02
SI_Coal,SI_E_Balance,electricity,false,1000,10,1,0.02
SI_Gas,SI_E_Balance,electricity,false,1000,10,1,0.02
SI_OCGT,SI_E_Balance,electricity,false,1000,10,1,0.02
HU_E_Balance,AT_E_Balance,electricity,true,1000,10,1,0.02
HU_E_Balance,SI_E_Balance,electricity,true,1000,10,1,0.02
HU_E_Balance,HU_E_Demand,electricity,false,1000,10,1,0.02
HU_E_ENS,HU_E_Demand,electricity,false,1000,10,1,0.02
HU_Wind_Onshore,HU_E_Balance,electricity,false,1000,10,1,0.02
HU_Solar,HU_E_Balance,electricity,false,1000,10,1,0.02
HU_Hydro,HU_E_Balance,electricity,false,1000,10,1,0.02
HU_Nuclear,HU_E_Balance,electricity,false,1000,10,1,0.02
HU_E_Balance,HU_Battery,electricity,false,1000,10,1,0.02
HU_Battery,HU_E_Balance,electricity,false,1000,10,1,0.02
HU_Gas,HU_E_Balance,electricity,false,1000,10,1,0.02
HU_OCGT,HU_E_Balance,electricity,false,1000,10,1,0.02
SK_E_Balance,CZ_E_Balance,electricity,true,1000,10,1,0.02
SK_E_Balance,HU_E_Balance,electricity,true,1000,10,1,0.02
SK_E_Balance,PL_E_Balance,electricity,true,1000,10,1,0.02
SK_E_Balance,SK_E_Demand,electricity,false,1000,10,1,0.02
SK_E_ENS,SK_E_Demand,electricity,false,1000,10,1,0.02
SK_Wind_Onshore,SK_E_Balance,electricity,false,1000,10,1,0.02
SK_Solar,SK_E_Balance,electricity,false,1000,10,1,0.02
SK_Hydro,SK_E_Balance,electricity,false,1000,10,1,0.02
SK_Hydro_Reservoir,SK_E_Balance,electricity,false,1000,10,1,0.02
SK_Nuclear,SK_E_Balance,electricity,false,1000,10,1,0.02
SK_E_Balance,SK_Pump_Hydro_Closed,electricity,false,1000,10,1,0.02
SK_Pump_Hydro_Closed,SK_E_Balance,electricity,false,1000,10,1,0.02
SK_E_Balance,SK_Pump_Hydro_Open,electricity,false,1000,10,1,0.02
SK_Pump_Hydro_Open,SK_E_Balance,electricity,false,1000,10,1,0.02
SK_Coal,SK_E_Balance,electricity,false,1000,10,1,0.02
SK_Gas,SK_E_Balance,electricity,false,1000,10,1,0.02
LT_E_Balance,SE_E_Balance,electricity,true,1000,10,1,0.02
LT_E_Balance,PL_E_Balance,electricity,true,1000,10,1,0.02
LT_E_Balance,LT_E_Demand,electricity,false,1000,10,1,0.02
LT_E_ENS,LT_E_Demand,electricity,false,1000,10,1,0.02
LT_Wind_Onshore,LT_E_Balance,electricity,false,1000,10,1,0.02
LT_Wind_Offshore,LT_E_Balance,electricity,false,1000,10,1,0.02
LT_Solar,LT_E_Balance,electricity,false,1000,10,1,0.02
LT_Hydro,LT_E_Balance,electricity,false,1000,10,1,0.02
LT_E_Balance,LT_Battery,electricity,false,1000,10,1,0.02
LT_Battery,LT_E_Balance,electricity,false,1000,10,1,0.02
LT_E_Balance,LT_Pump_Hydro_Closed,electricity,false,1000,10,1,0.02
LT_Pump_Hydro_Closed,LT_E_Balance,electricity,false,1000,10,1,0.02
LT_Gas,LT_E_Balance,electricity,false,1000,10,1,0.02
LV_E_Balance,LT_E_Balance,electricity,true,1000,10,1,0.02
LV_E_Balance,LV_E_Demand,electricity,false,1000,10,1,0.02
LV_E_ENS,LV_E_Demand,electricity,false,1000,10,1,0.02
LV_Wind_Onshore,LV_E_Balance,electricity,false,1000,10,1,0.02
LV_Wind_Offshore,LV_E_Balance,electricity,false,1000,10,1,0.02
LV_Solar,LV_E_Balance,electricity,false,1000,10,1,0.02
LV_Hydro,LV_E_Balance,electricity,false,1000,10,1,0.02
LV_Gas,LV_E_Balance,electricity,false,1000,10,1,0.02
EE_E_Balance,LV_E_Balance,electricity,true,1000,10,1,0.02
EE_E_Balance,EE_E_Demand,electricity,false,1000,10,1,0.02
EE_E_ENS,EE_E_Demand,electricity,false,1000,10,1,0.02
EE_Wind_Onshore,EE_E_Balance,electricity,false,1000,10,1,0.02
EE_Wind_Offshore,EE_E_Balance,electricity,false,1000,10,1,0.02
EE_Solar,EE_E_Balance,electricity,false,1000,10,1,0.02
FI_E_Balance,EE_E_Balance,electricity,true,1000,10,1,0.02
FI_E_Balance,SE_E_Balance,electricity,true,1000,10,1,0.02
FI_E_Balance,FI_E_Demand,electricity,false,1000,10,1,0.02
FI_E_ENS,FI_E_Demand,electricity,false,1000,10,1,0.02
FI_Wind_Onshore,FI_E_Balance,electricity,false,1000,10,1,0.02
FI_Wind_Offshore,FI_E_Balance,electricity,false,1000,10,1,0.02
FI_Solar,FI_E_Balance,electricity,false,1000,10,1,0.02
FI_Hydro_Reservoir,FI_E_Balance,electricity,false,1000,10,1,0.02
FI_Nuclear,FI_E_Balance,electricity,false,1000,10,1,0.02
FI_E_Balance,FI_Battery,electricity,false,1000,10,1,0.02
FI_Battery,FI_E_Balance,electricity,false,1000,10,1,0.02
FI_Gas,FI_E_Balance,electricity,false,1000,10,1,0.02
FI_OCGT,FI_E_Balance,electricity,false,1000,10,1,0.02
HR_E_Balance,HU_E_Balance,electricity,true,1000,10,1,0.02
HR_E_Balance,SI_E_Balance,electricity,true,1000,10,1,0.02
HR_E_Balance,HR_E_Demand,electricity,false,1000,10,1,0.02
HR_E_ENS,HR_E_Demand,electricity,false,1000,10,1,0.02
HR_Wind_Onshore,HR_E_Balance,electricity,false,1000,10,1,0.02
HR_Solar,HR_E_Balance,electricity,false,1000,10,1,0.02
HR_Hydro,HR_E_Balance,electricity,false,1000,10,1,0.02
HR_Hydro_Reservoir,HR_E_Balance,electricity,false,1000,10,1,0.02
HR_E_Balance,HR_Battery,electricity,false,1000,10,1,0.02
HR_Battery,HR_E_Balance,electricity,false,1000,10,1,0.02
HR_E_Balance,HR_Pump_Hydro_Open,electricity,false,1000,10,1,0.02
HR_Pump_Hydro_Open,HR_E_Balance,electricity,false,1000,10,1,0.02
HR_Coal,HR_E_Balance,electricity,false,1000,10,1,0.02
HR_Gas,HR_E_Balance,electricity,false,1000,10,1,0.02
GR_E_Balance,IT_E_Balance,electricity,true,1000,10,1,0.02
GR_E_Balance,GR_E_Demand,electricity,false,1000,10,1,0.02
GR_E_ENS,GR_E_Demand,electricity,false,1000,10,1,0.02
GR_Wind_Onshore,GR_E_Balance,electricity,false,1000,10,1,0.02
GR_Wind_Offshore,GR_E_Balance,electricity,false,1000,10,1,0.02
GR_Solar,GR_E_Balance,electricity,false,1000,10,1,0.02
GR_Hydro,GR_E_Balance,electricity,false,1000,10,1,0.02
GR_Hydro_Reservoir,GR_E_Balance,electricity,false,1000,10,1,0.02
GR_E_Balance,GR_Battery,electricity,false,1000,10,1,0.02
GR_Battery,GR_E_Balance,electricity,false,1000,10,1,0.02
GR_E_Balance,GR_Pump_Hydro_Closed,electricity,false,1000,10,1,0.02
GR_Pump_Hydro_Closed,GR_E_Balance,electricity,false,1000,10,1,0.02
GR_E_Balance,GR_Pump_Hydro_Open,electricity,false,1000,10,1,0.02
GR_Pump_Hydro_Open,GR_E_Balance,electricity,false,1000,10,1,0.02
GR_Gas,GR_E_Balance,electricity,false,1000,10,1,0.02
GR_OCGT,GR_E_Balance,electricity,false,1000,10,1,0.02
BG_E_Balance,GR_E_Balance,electricity,true,1000,10,1,0.02
BG_E_Balance,BG_E_Demand,electricity,false,1000,10,1,0.02
BG_E_ENS,BG_E_Demand,electricity,false,1000,10,1,0.02
BG_Wind_Onshore,BG_E_Balance,electricity,false,1000,10,1,0.02
BG_Solar,BG_E_Balance,electricity,false,1000,10,1,0.02
BG_Hydro,BG_E_Balance,electricity,false,1000,10,1,0.02
BG_Hydro_Reservoir,BG_E_Balance,electricity,false,1000,10,1,0.02
BG_Nuclear,BG_E_Balance,electricity,false,1000,10,1,0.02
BG_E_Balance,BG_Pump_Hydro_Closed,electricity,false,1000,10,1,0.02
BG_Pump_Hydro_Closed,BG_E_Balance,electricity,false,1000,10,1,0.02
BG_E_Balance,BG_Pump_Hydro_Open,electricity,false,1000,10,1,0.02
BG_Pump_Hydro_Open,BG_E_Balance,electricity,false,1000,10,1,0.02
BG_Coal,BG_E_Balance,electricity,false,1000,10,1,0.02
BG_Gas,BG_E_Balance,electricity,false,1000,10,1,0.02
BG_OCGT,BG_E_Balance,electricity,false,1000,10,1,0.02
RO_E_Balance,BG_E_Balance,electricity,true,1000,10,1,0.02
RO_E_Balance,HU_E_Balance,electricity,true,1000,10,1,0.02
RO_E_Balance,RO_E_Demand,electricity,false,1000,10,1,0.02
RO_E_ENS,RO_E_Demand,electricity,false,1000,10,1,0.02
RO_Wind_Onshore,RO_E_Balance,electricity,false,1000,10,1,0.02
RO_Solar,RO_E_Balance,electricity,false,1000,10,1,0.02
RO_Hydro,RO_E_Balance,electricity,false,1000,10,1,0.02
RO_Hydro_Reservoir,RO_E_Balance,electricity,false,1000,10,1,0.02
RO_Nuclear,RO_E_Balance,electricity,false,1000,10,1,0.02
RO_E_Balance,RO_Battery,electricity,false,1000,10,1,0.02
RO_Battery,RO_E_Balance,electricity,false,1000,10,1,0.02
RO_E_Balance,RO_Pump_Hydro_Open,electricity,false,1000,10,1,0.02
RO_Pump_Hydro_Open,RO_E_Balance,electricity,false,1000,10,1,0.02
RO_Coal,RO_E_Balance,electricity,false,1000,10,1,0.02
RO_Gas,RO_E_Balance,electricity,false,1000,10,1,0.02
RO_OCGT,RO_E_Balance,electricity,false,1000,10,1,0.02
CY_E_Balance,GR_E_Balance,electricity,true,1000,10,1,0.02
CY_E_Balance,CY_E_Demand,electricity,false,1000,10,1,0.02
CY_E_ENS,CY_E_Demand,electricity,false,1000,10,1,0.02
CY_Wind_Onshore,CY_E_Balance,electricity,false,1000,10,1,0.02
CY_Solar,CY_E_Balance,electricity,false,1000,10,1,0.02
CY_E_Balance,CY_Battery,electricity,false,1000,10,1,0.02
CY_Battery,CY_E_Balance,electricity,false,1000,10,1,0.02
CY_Gas,CY_E_Balance,electricity,false,1000,10,1,0.02
